<?xml version="1.0" encoding="UTF-8" standalone="yes"?>
<addon id="repository.maltsev" name="Add-on repository for skin CarPc" version="3.0.0" provider-name="Maltsev">
	<extension point="xbmc.addon.repository" name="Add-on repository for skin CarPc">
		<dir minversion="18.0.0" maxversion="18.9.9">
			<info compressed="false">https://raw.githubusercontent.com/maltsevvv/skin.carpc/master/repository/addons.xml</info>
			<checksum>https://raw.githubusercontent.com/maltsevvv/skin.carpc/master/repository/addons.xml.md5</checksum>
			<datadir zip="true">https://raw.githubusercontent.com/maltsevvv/skin.carpc/master/repository/kodi18/</datadir>
			<hashes>false</hashes>
		</dir>
		<dir minversion="20.0.0" maxversion="20.9.9">
			<info compressed="false">https://raw.githubusercontent.com/maltsevvv/skin.carpc/master/repository/addons.xml</info>
			<checksum>https://raw.githubusercontent.com/maltsevvv/skin.carpc/master/repository/addons.xml.md5</checksum>
			<datadir zip="true">https://raw.githubusercontent.com/maltsevvv/skin.carpc/master/repository/kodi20/</datadir>
			<hashes>false</hashes>
		</dir>
	</extension>
	<extension point="xbmc.addon.metadata">
		<summary>Repository Kodi for skin audi_rnspi</summary>
		<description lang="en">Install and Update for skin.audi_rnspi. More info https://sites.google.com/view/rnspi/</description>
		<disclaimer lang="en">https://sites.google.com/view/rnspi/</disclaimer>
		<platform>all</platform>
		<website>https://sites.google.com/view/rnspi/</website>
		<assets>
			<icon>icon.png</icon>
		</assets>
	</extension>
</addon>
